incident_id,severity,service,opened_at,acknowledged_at,restored_at,closed_at,communications_on_time,repeat_incident,resolver
MI-001,P1,Identity,2026-01-12T08:15:00,2026-01-12T08:22:00,2026-01-12T09:40:00,2026-01-13T14:00:00,true,false,Platform
MI-002,P2,Reporting,2026-02-03T10:05:00,2026-02-03T10:18:00,2026-02-03T12:35:00,2026-02-04T09:30:00,true,false,Application
MI-003,P1,Network,2026-03-21T07:40:00,2026-03-21T07:47:00,2026-03-21T08:51:00,2026-03-22T11:20:00,true,true,Network
MI-004,P2,Endpoint,2026-04-08T13:10:00,2026-04-08T13:31:00,2026-04-08T16:15:00,2026-04-09T10:00:00,false,false,EUC
MI-005,P2,Printing,2026-05-18T09:30:00,2026-05-18T09:41:00,2026-05-18T11:02:00,2026-05-19T15:10:00,true,true,Supplier
MI-006,P1,Authentication,2026-06-14T06:55:00,2026-06-14T07:01:00,2026-06-14T08:20:00,2026-06-15T10:00:00,true,false,Platform
MI-007,P2,Telephony,2026-07-02T11:10:00,2026-07-02T11:27:00,2026-07-02T14:05:00,2026-07-03T09:25:00,false,false,Supplier
MI-008,P1,Device Build,2026-08-19T08:05:00,2026-08-19T08:13:00,2026-08-19T10:12:00,2026-08-20T12:00:00,true,false,EUC
MI-009,P2,WiFi,2026-09-04T09:18:00,2026-09-04T09:29:00,2026-09-04T11:30:00,2026-09-05T10:10:00,true,true,Network
